{
    "Acc": 3.465421691674079,
    "ASax": 4.05611298049007,
    "Cb": 4.19700753155454,
    "Vc": 4.250182637835792,
    "BTb": 4.46407627142174,
    "": 4.656491237545004,
    "ClBb": 4.821769943323771,
    "Fl": 4.859628632473916,
    "Ob": 4.9229116367335015,
    "TpC": 5.243708696293597,
    "Bn": 5.424687966863361,
    "Tbn": 5.63666026184824,
    "Va": 5.907490321123531,
    "Vn": 6.262927127900575,
    "Hn": 7.922929921011678
}