{"Hn": 1.1264660680508516, "Acc": 1.7239401318215626, "": 1.7939774526208703, "ClBb": 2.348532178700353, "ASax": 2.3556822563836852, "BTb": 2.3688901666896722, "Vn": 2.5334807646011033, "Va": 2.5496805908633826, "Ob": 2.6221129122447735, "Bn": 2.6986741525107356, "Cb": 2.710898145879289, "Fl": 2.7474382364534446, "Vc": 2.7890003116636364, "Tbn": 2.845858555975555, "TpC": 2.8632195860443796}