{
    "BTb": 7.195885830295306,
    "Hn": 4.4469477966822115,
    "Tbn": 10.00420179739073,
    "TpC": 10.488564057425593,
    "Acc": 2.9275581840626237,
    "Vc": 9.241200260723442,
    "Cb": 8.077600274528095,
    "Va": 11.773113829184542,
    "Vn": 12.033939854863084,
    "ASax": 6.793765616647132,
    "Bn": 9.090424571541773,
    "ClBb": 6.888826858103041,
    "Fl": 8.99787707921376,
    "Ob": 10.060749111622846
}