{"TpC-ord": [14.780170171262531, 6.90431053444174, 13.687580004785238], "Hp-ord": [117.47799081825059, 1.0433842670152964, 116.82039800129996], "Fl-ord": [10.860110079953524, 7.292949241337281, 9.508129580612602]}