{
    "Hn": 0.8877320217290889,
    "Acc": 0.5800665472897673,
    "": 0.557420606674333,
    "ClBb": 0.4257978702907903,
    "ASax": 0.4245054685495426,
    "BTb": 0.4221386090674762,
    "Vn": 0.3947138711185163,
    "Va": 0.39220598987317706,
    "Ob": 0.3813718300726823,
    "Bn": 0.37055233180695085,
    "Cb": 0.36888143566738346,
    "Fl": 0.3639754250821154,
    "Vc": 0.35855141206617536,
    "Tbn": 0.35138780804838765,
    "TpC": 0.3492571805788493
}