{"ClBb": 1.5163761369269775, "ASax": 3.135797032337242, "Acc": 3.2497693881904426, "Fl": 3.250703735233198, "Cb": 3.6158686476046697, "Vc": 4.036010854295011, "BTb": 4.416951711785244, "": 4.419618508586451, "Ob": 4.813919175542135, "TpC": 4.910256249170698, "Bn": 5.1441694684235895, "Tbn": 5.594031966100836, "Va": 6.076373770443257, "Vn": 6.466849097861057, "Hn": 7.911871820800172}