{
    "Hn": 0.9413691704008995,
    "Acc": 0.5798071449405824,
    "": 0.5421838680371701,
    "Va": 0.4315489988550756,
    "Vn": 0.4310324896428347,
    "BTb": 0.4211847828751676,
    "Ob": 0.40129740419716403,
    "ASax": 0.3897747240921105,
    "Cb": 0.3882857492406281,
    "Bn": 0.369578022220839,
    "Tbn": 0.36322483202811023,
    "Vc": 0.3503304589851143,
    "TpC": 0.3425367938598807,
    "Fl": 0.32551500177602005,
    "ClBb": 0.26803722371730365
}