{
    "Hn": 1.062282504507909,
    "Acc": 1.7247114126240686,
    "": 1.8443927585308453,
    "Va": 2.317233970309415,
    "Vn": 2.3200107277960123,
    "BTb": 2.374254817977087,
    "Ob": 2.4919174396370716,
    "ASax": 2.565584524058781,
    "Cb": 2.5754228733753526,
    "Bn": 2.7057886017974746,
    "Tbn": 2.7531157339006196,
    "Vc": 2.8544477773840686,
    "TpC": 2.91939440645627,
    "Fl": 3.0720550344652895,
    "ClBb": 3.7308250926173248
}